pos	X.Uploaded_variation	chr	SYMBOL	Existing_variation	Feature	UNIPROT_ISOFORM	SIFT	sift_class	sift_score	PolyPhen	PolyPhen_class	PolyPhen_score	ClinPred	am_class	am_pathogenicity	CLIN_SIG	CADD_PHRED	CADD_RAW	MetaRNN_pred	MetaRNN_class	MetaRNN_rankscore	MetaRNN_score	REVEL	Consequence	CADD_class	REVEL_class	freqs
155235409	1_155235409_G/T	1	GBA1	rs183510604	ENST00000368373.8	P04062-1	-	-	NA	-	-	NA	-	-	-	-	2.363	0.208448	-	-	-	-	-	intron_variant	likely_benign	NA	0.998898/0.00110173
155235722	1_155235722_C/G	1	GBA1	rs750193229	ENST00000368373.8	P04062-1	-	-	NA	-	-	NA	-	-	-	likely_benign	1.191	0.027714	-	-	-	-	-	synonymous_variant	likely_benign	NA	0.999816/0.000183621
155235727	1_155235727_C/G	1	GBA1	rs1064651,CM900106,COSV59168989	ENST00000368373.8	P04062-1	deleterious(0.04)	deleterious	0.04	benign(0.122)	benign	0.122	0.164870396256447	ambiguous	0.5446	pathogenic/likely_pathogenic,pathogenic	24.1	4.023891	D,D,D,D	D	0.73748	0.7263402,0.7263402,0.7263402,0.7263402	0.738	missense_variant	likely_deleterious	likely disease causing	0.999816/0.000183621
155235818	1_155235818_C/G	1	GBA1	CD1111528,CM134810	ENST00000368373.8	P04062-1	deleterious(0)	deleterious	0	probably_damaging(1)	probably_damaging	1	0.99975198507309	likely_pathogenic	0.9895	-	26.4	4.717143	D,D,D,D	D	0.99909	0.99391913,0.99391913,0.99391913,0.99391913	0.967	missense_variant	likely_deleterious	likely disease causing	0.999633/0.000367242
155235843	1_155235843_T/C	1	GBA1	rs76763715,CM880036	ENST00000368373.8	P04062-1	deleterious(0.01)	deleterious	0.01	benign(0.242)	benign	0.242	0.0307601396492225	likely_benign	0.1477	risk_factor,uncertain_significance,pathogenic,pathogenic/likely_pathogenic,likely_pathogenic	23.8	3.916871	T,T,T,T	T	0.00422	0.01917398,0.01917398,0.01917398,0.01917398	0.673	missense_variant,splice_region_variant	likely_deleterious	likely disease causing	0.998715/0.00128535
155235878	1_155235878_T/G	1	GBA1	-	ENST00000368373.8	P04062-1	-	-	NA	-	-	NA	-	-	-	-	-	-	-	-	-	-	-	intron_variant	NA	NA	0.638083/0.361917
155235990	1_155235990_T/G	1	GBA1	rs1178983093	ENST00000368373.8	P04062-1	-	-	NA	-	-	NA	-	-	-	-	0.386	-0.258126	-	-	-	-	-	intron_variant	likely_benign	NA	0.999266/0.000734484
155236109	1_155236109_T/A	1	GBA1	rs538683487	ENST00000368373.8	P04062-1	-	-	NA	-	-	NA	-	-	-	-	0.145	-0.511782	-	-	-	-	-	intron_variant	likely_benign	NA	0.999266/0.000734484
155236129	1_155236129_T/C	1	GBA1	rs777901497	ENST00000368373.8	P04062-1	-	-	NA	-	-	NA	-	-	-	-	2.205	0.189840	-	-	-	-	-	intron_variant	likely_benign	NA	0.999816/0.000183621
155236145	1_155236145_G/C	1	GBA1	rs142504144	ENST00000368373.8	P04062-1	-	-	NA	-	-	NA	-	-	-	-	1.139	0.015981	-	-	-	-	-	intron_variant	likely_benign	NA	0.999633/0.000367242
155236245	1_155236245_C/T	1	GBA1	rs138498426,CM1616540	ENST00000368373.8	P04062-1	-	-	NA	-	-	NA	-	-	-	uncertain_significance,conflicting_classifications_of_pathogenicity	18.53	2.392979	-	-	-	-	-	splice_region_variant,synonymous_variant	likely_benign	NA	0.999816/0.000183621
155236246	1_155236246_G/A	1	GBA1	rs75548401,CM960697,COSV100516534	ENST00000368373.8	P04062-1	tolerated(0.13)	tolerated	0.13	benign(0.054)	benign	0.054	0.00978404884558412	likely_benign	0.1332	benign/likely_benign,uncertain_significance,conflicting_classifications_of_pathogenicity	21.4	3.096044	T,T,T,T	T	0.00418	0.019058436,0.019058436,0.019058436,0.019058436	0.731	missense_variant,splice_region_variant	likely_deleterious	likely disease causing	0.997429/0.00257069
155236269	1_155236269_C/T	1	GBA1	rs149487315,CM022014	ENST00000368373.8	P04062-1	tolerated(0.17)	tolerated	0.17	benign(0)	benign	0	0.0126355026997319	likely_benign	0.1637	uncertain_significance,likely_pathogenic	15.74	1.788735	T,T,T,T	T	0.00518	0.02161032,0.02161032,0.02161032,0.02161032	0.396	missense_variant	likely_benign	likely_benign	0.999266/0.000734484
155236376	1_155236376_C/T	1	GBA1	rs2230288,CM910176	ENST00000368373.8	P04062-1	tolerated(0.55)	tolerated	0.55	benign(0.018)	benign	0.018	0.00925405557803439	likely_benign	0.1338	risk_factor,conflicting_classifications_of_pathogenicity,benign/likely_benign,pathogenic,benign	19.46	2.605730	T,T,T,T	T	0.20418	0.110501975,0.110501975,0.110501975,0.110501975	0.595	missense_variant	likely_benign	likely disease causing	0.997246/0.00275432
155236377	1_155236377_C/T	1	GBA1	rs143222798	ENST00000368373.8	P04062-1	-	-	NA	-	-	NA	-	-	-	benign,likely_benign	5.637	0.517010	-	-	-	-	-	synonymous_variant	likely_benign	NA	0.99596/0.00403966
155236550	1_155236550_T/G	1	GBA1	rs9628662	ENST00000368373.8	P04062-1	-	-	NA	-	-	NA	-	-	-	benign	0.814	-0.070755	-	-	-	-	-	intron_variant	likely_benign	NA	0.710981/0.289019
155236572	1_155236572_C/G	1	GBA1	rs1380258946	ENST00000368373.8	P04062-1	-	-	NA	-	-	NA	-	-	-	-	0.481	-0.202875	-	-	-	-	-	intron_variant	likely_benign	NA	0.999816/0.000183621
155236609	1_155236609_A/G	1	GBA1	rs928196553	ENST00000368373.8	P04062-1	-	-	NA	-	-	NA	-	-	-	-	2.285	0.199428	-	-	-	-	-	intron_variant	likely_benign	NA	0.999816/0.000183621
155236649	1_155236649_G/A	1	GBA1	rs368332143	ENST00000368373.8	P04062-1	-	-	NA	-	-	NA	-	-	-	-	1.093	0.005170	-	-	-	-	-	intron_variant	likely_benign	NA	0.999816/0.000183621
155236741	1_155236741_C/G	1	GBA1	-	ENST00000368373.8	P04062-1	-	-	NA	-	-	NA	-	-	-	-	1.435	0.076448	-	-	-	-	-	intron_variant	likely_benign	NA	0.999816/0.000183621
155236787	1_155236787_G	1	GBA1	-	ENST00000368373.8	P04062-1	-	-	NA	-	-	NA	-	-	-	-	-	-	-	-	-	-	-	intron_variant	NA	NA	0.999633
155236789	1_155236789_A/G	1	GBA1	rs146697312	ENST00000368373.8	P04062-1	-	-	NA	-	-	NA	-	-	-	-	0.469	-0.208972	-	-	-	-	-	intron_variant	likely_benign	NA	0.997613/0.00238707
155236794	1_155236794_T/A	1	GBA1	rs191036459	ENST00000368373.8	P04062-1	-	-	NA	-	-	NA	-	-	-	-	1.288	0.048145	-	-	-	-	-	intron_variant	likely_benign	NA	0.999266/0.000734484
155236927	1_155236927_C/T	1	GBA1	rs1404689693	ENST00000368373.8	P04062-1	-	-	NA	-	-	NA	-	-	-	-	5.196	0.474283	-	-	-	-	-	intron_variant	likely_benign	NA	0.999633/0.000367242
155236942	1_155236942_G/A	1	GBA1	rs550723806	ENST00000368373.8	P04062-1	-	-	NA	-	-	NA	-	-	-	-	3.606	0.330197	-	-	-	-	-	intron_variant	likely_benign	NA	0.999816/0.000183621
155236951	1_155236951_A/G	1	GBA1	rs1010857275	ENST00000368373.8	P04062-1	-	-	NA	-	-	NA	-	-	-	-	4.312	0.393046	-	-	-	-	-	intron_variant	likely_benign	NA	0.999816/0.000183621
155237015	1_155237015_C/A	1	GBA1	rs1043831718	ENST00000368373.8	P04062-1	-	-	NA	-	-	NA	-	-	-	-	1.374	0.065040	-	-	-	-	-	intron_variant	likely_benign	NA	0.998898/0.00110173
155237031	1_155237031_A	1	GBA1	-	ENST00000368373.8	P04062-1	-	-	NA	-	-	NA	-	-	-	-	-	-	-	-	-	-	-	intron_variant	NA	NA	0.28498
155237037	1_155237037_T	1	GBA1	-	ENST00000368373.8	P04062-1	-	-	NA	-	-	NA	-	-	-	-	-	-	-	-	-	-	-	intron_variant	NA	NA	0.000183621
155237060	1_155237060_A/C	1	GBA1	rs994116445	ENST00000368373.8	P04062-1	-	-	NA	-	-	NA	-	-	-	-	0.363	-0.273333	-	-	-	-	-	intron_variant	likely_benign	NA	0.999633/0.000367242
155237101	1_155237101_C/T	1	GBA1	rs910331416	ENST00000368373.8	P04062-1	-	-	NA	-	-	NA	-	-	-	-	0.266	-0.352767	-	-	-	-	-	intron_variant	likely_benign	NA	0.999449/0.000550863
155237162	1_155237162_G/A	1	GBA1	rs547873878	ENST00000368373.8	P04062-1	-	-	NA	-	-	NA	-	-	-	-	0.310	-0.313507	-	-	-	-	-	intron_variant	likely_benign	NA	0.999449/0.000550863
155237224	1_155237224_G/A	1	GBA1	-	ENST00000368373.8	P04062-1	-	-	NA	-	-	NA	-	-	-	-	1.062	-0.002193	-	-	-	-	-	intron_variant	likely_benign	NA	0.999816/0.000183621
155237239	1_155237239_G/A	1	GBA1	rs72704130,COSV59169942	ENST00000368373.8	P04062-1	-	-	NA	-	-	NA	-	-	-	-	6.205	0.574088	-	-	-	-	-	intron_variant	likely_benign	NA	0.988248/0.0117517
155237281	1_155237281_C/T	1	GBA1	rs545478869	ENST00000368373.8	P04062-1	-	-	NA	-	-	NA	-	-	-	-	1.376	0.065550	-	-	-	-	-	intron_variant	likely_benign	NA	0.999633/0.000367242
155237596	1_155237596_A/T	1	GBA1	rs140335079	ENST00000368373.8	P04062-1	-	-	NA	-	-	NA	-	-	-	benign,likely_benign	2.091	0.175788	-	-	-	-	-	intron_variant	likely_benign	NA	0.996695/0.00330518
155237601	1_155237601_T/C	1	GBA1	-	ENST00000368373.8	P04062-1	-	-	NA	-	-	NA	-	-	-	-	1.566	0.099468	-	-	-	-	-	intron_variant	likely_benign	NA	0.999816/0.000183621
155237607	1_155237607_G/A	1	GBA1	rs368734596	ENST00000368373.8	P04062-1	-	-	NA	-	-	NA	-	-	-	-	2.360	0.208104	-	-	-	-	-	intron_variant	likely_benign	NA	0.999816/0.000183621
155237758	1_155237758_T/C	1	GBA1	rs762488	ENST00000368373.8	P04062-1	-	-	NA	-	-	NA	-	-	-	-	0.320	-0.305715	-	-	-	-	-	intron_variant	likely_benign	NA	0.710797/0.289203
155237774	1_155237774_C/T	1	GBA1	rs979955939	ENST00000368373.8	P04062-1	-	-	NA	-	-	NA	-	-	-	-	3.699	0.338511	-	-	-	-	-	intron_variant	likely_benign	NA	0.999633/0.000367242
155237835	1_155237835_G/A	1	GBA1	rs2009578	ENST00000368373.8	P04062-1	-	-	NA	-	-	NA	-	-	-	-	1.901	0.150470	-	-	-	-	-	intron_variant	likely_benign	NA	0.711348/0.288652
155237876	1_155237876_T/C	1	GBA1	rs900737195	ENST00000368373.8	P04062-1	-	-	NA	-	-	NA	-	-	-	-	7.144	0.673726	-	-	-	-	-	intron_variant	likely_benign	NA	0.999816/0.000183621
155237881	1_155237881_G/T	1	GBA1	-	ENST00000368373.8	P04062-1	-	-	NA	-	-	NA	-	-	-	-	2.797	0.254588	-	-	-	-	-	intron_variant	likely_benign	NA	0.999816/0.000183621
155237903	1_155237903_C	1	GBA1	-	ENST00000368373.8	P04062-1	-	-	NA	-	-	NA	-	-	-	-	-	-	-	-	-	-	-	intron_variant	NA	NA	0.000183621
155237942	1_155237942_C/T	1	GBA1	rs28678003	ENST00000368373.8	P04062-1	-	-	NA	-	-	NA	-	-	-	-	0.831	-0.065433	-	-	-	-	-	intron_variant	likely_benign	NA	0.958685/0.0413147
155237949	1_155237949_G/A	1	GBA1	rs1289953605	ENST00000368373.8	P04062-1	-	-	NA	-	-	NA	-	-	-	-	0.631	-0.135065	-	-	-	-	-	intron_variant	likely_benign	NA	0.999816/0.000183621
155238055	1_155238055_T/C	1	GBA1	rs145066479	ENST00000368373.8	P04062-1	-	-	NA	-	-	NA	-	-	-	-	1.005	-0.016647	-	-	-	-	-	intron_variant	likely_benign	NA	0.981454/0.0185457
155238057	1_155238057_G/T	1	GBA1	rs183540501	ENST00000368373.8	P04062-1	-	-	NA	-	-	NA	-	-	-	-	2.667	0.241408	-	-	-	-	-	intron_variant	likely_benign	NA	0.999449/0.000550863
155238075	1_155238075_A/T	1	GBA1	rs529870563	ENST00000368373.8	P04062-1	-	-	NA	-	-	NA	-	-	-	-	1.163	0.021375	-	-	-	-	-	intron_variant	likely_benign	NA	0.999633/0.000367242
155238087	1_155238087_C/T	1	GBA1	rs369678230	ENST00000368373.8	P04062-1	-	-	NA	-	-	NA	-	-	-	-	9.828	0.956214	-	-	-	-	-	intron_variant	likely_benign	NA	0.999816/0.000183621
155238833	1_155238833_A/G	1	GBA1	rs188328778	ENST00000368373.8	P04062-1	-	-	NA	-	-	NA	-	-	-	-	0.094	-0.629172	-	-	-	-	-	intron_variant	likely_benign	NA	0.997246/0.00275432
155238856	1_155238856_T/C/G	1	GBA1	rs7416991	ENST00000368373.8	P04062-1	-	-	NA	-	-	NA	-	-	-	-	3.686	0.337334	-	-	-	-	-	intron_variant	likely_benign	NA	0.358979/0.352001/0.289019
155238920	1_155238920_T/C	1	GBA1	-	ENST00000368373.8	P04062-1	-	-	NA	-	-	NA	-	-	-	-	1.603	0.105568	-	-	-	-	-	intron_variant	likely_benign	NA	0.999816/0.000183621
155238957	1_155238957_G/A	1	GBA1	rs556071493	ENST00000368373.8	P04062-1	-	-	NA	-	-	NA	-	-	-	-	1.079	0.001954	-	-	-	-	-	intron_variant	likely_benign	NA	0.999633/0.000367242
155238976	1_155238976_T	1	GBA1	-	ENST00000368373.8	P04062-1	-	-	NA	-	-	NA	-	-	-	-	-	-	-	-	-	-	-	intron_variant	NA	NA	0.000183621
155238989	1_155238989_T/C	1	GBA1	rs867880714	ENST00000368373.8	P04062-1	-	-	NA	-	-	NA	-	-	-	-	0.341	-0.289808	-	-	-	-	-	intron_variant	likely_benign	NA	0.999816/0.000183621
155238995	1_155238995_G/A	1	GBA1	rs574183362	ENST00000368373.8	P04062-1	-	-	NA	-	-	NA	-	-	-	-	3.424	0.313881	-	-	-	-	-	intron_variant	likely_benign	NA	0.99798/0.00201983
155239020	1_155239020_C/T	1	GBA1	rs1423637809	ENST00000368373.8	P04062-1	-	-	NA	-	-	NA	-	-	-	-	1.233	0.036784	-	-	-	-	-	intron_variant	likely_benign	NA	0.999816/0.000183621
155239023	1_155239023_C/G	1	GBA1	-	ENST00000368373.8	P04062-1	-	-	NA	-	-	NA	-	-	-	-	2.652	0.239885	-	-	-	-	-	intron_variant	likely_benign	NA	0.999816/0.000183621
155239060	1_155239060_T/C	1	GBA1	rs149120852	ENST00000368373.8	P04062-1	-	-	NA	-	-	NA	-	-	-	-	3.175	0.290962	-	-	-	-	-	intron_variant	likely_benign	NA	0.992655/0.00734484
155239142	1_155239142_C/T	1	GBA1	rs1401829603	ENST00000368373.8	P04062-1	-	-	NA	-	-	NA	-	-	-	-	0.437	-0.227053	-	-	-	-	-	intron_variant	likely_benign	NA	0.999816/0.000183621
155239143	1_155239143_G/A	1	GBA1	rs1410739085	ENST00000368373.8	P04062-1	-	-	NA	-	-	NA	-	-	-	-	0.007	-1.364065	-	-	-	-	-	intron_variant	likely_benign	NA	0.999633/0.000367242
155239217	1_155239217_C	1	GBA1	-	ENST00000368373.8	P04062-1	-	-	NA	-	-	NA	-	-	-	-	-	-	-	-	-	-	-	intron_variant	NA	NA	0.994124
155239232	1_155239232_A/T	1	GBA1	rs2148078828	ENST00000368373.8	P04062-1	-	-	NA	-	-	NA	-	-	-	-	2.175	0.186169	-	-	-	-	-	intron_variant	likely_benign	NA	0.999816/0.000183621
155239257	1_155239257_C/T	1	GBA1	rs1046903566	ENST00000368373.8	P04062-1	-	-	NA	-	-	NA	-	-	-	-	0.045	-0.827353	-	-	-	-	-	intron_variant	likely_benign	NA	0.999449/0.000550863
155239258	1_155239258_G/A	1	GBA1	rs531177999	ENST00000368373.8	P04062-1	-	-	NA	-	-	NA	-	-	-	-	0.194	-0.434469	-	-	-	-	-	intron_variant	likely_benign	NA	0.997613/0.00238707
155239288	1_155239288_G/A	1	GBA1	rs114452199	ENST00000368373.8	P04062-1	-	-	NA	-	-	NA	-	-	-	-	2.179	0.186711	-	-	-	-	-	intron_variant	likely_benign	NA	0.980353/0.0196474
155239399	1_155239399_C/T	1	GBA1	rs1206244018	ENST00000368373.8	P04062-1	-	-	NA	-	-	NA	-	-	-	-	0.187	-0.444034	-	-	-	-	-	intron_variant	likely_benign	NA	0.999816/0.000183621
155239500	1_155239500_C/A	1	GBA1	rs533474979	ENST00000368373.8	P04062-1	-	-	NA	-	-	NA	-	-	-	-	2.025	0.167280	-	-	-	-	-	intron_variant	likely_benign	NA	0.999816/0.000183621
155239506	1_155239506_C/T	1	GBA1	rs183903019	ENST00000368373.8	P04062-1	-	-	NA	-	-	NA	-	-	-	-	0.457	-0.215839	-	-	-	-	-	intron_variant	likely_benign	NA	0.99798/0.00201983
155239507	1_155239507_G/A	1	GBA1	rs776425625	ENST00000368373.8	P04062-1	-	-	NA	-	-	NA	-	-	-	-	1.127	0.013147	-	-	-	-	-	intron_variant	likely_benign	NA	0.999816/0.000183621
155239569	1_155239569_C/T	1	GBA1	rs2075569	ENST00000368373.8	P04062-1	-	-	NA	-	-	NA	-	-	-	benign	0.086	-0.651469	-	-	-	-	-	intron_variant	likely_benign	NA	0.692251/0.307749
155239581	1_155239581_A/G	1	GBA1	rs201348589	ENST00000368373.8	P04062-1	-	-	NA	-	-	NA	-	-	-	-	0.005	-1.473077	-	-	-	-	-	intron_variant	likely_benign	NA	0.999449/0.000550863
155239839	1_155239839_C/A	1	GBA1	rs1443281749	ENST00000368373.8	P04062-1	-	-	NA	-	-	NA	-	-	-	-	13.88	1.448878	-	-	-	-	-	intron_variant	likely_benign	NA	0.999816/0.000183621
155239861	1_155239861_A/C	1	GBA1	-	ENST00000368373.8	P04062-1	-	-	NA	-	-	NA	-	-	-	-	0.018	-1.090231	-	-	-	-	-	intron_variant	likely_benign	NA	0.999816/0.000183621
155239924	1_155239924_A/G	1	GBA1	rs1190867359	ENST00000368373.8	P04062-1	tolerated(0.16)	tolerated	0.16	probably_damaging(0.925)	probably_damaging	0.925	0.44211807847023	likely_benign	0.1309	-	19.30	2.569954	D,D,D,D	D	0.64186	0.55550206,0.55550206,0.55550206,0.55550206	0.656	missense_variant	likely_benign	likely disease causing	0.999816/0.000183621
155239961	1_155239961_G/A	1	GBA1	rs146774384,COSV100516249,COSV105891360	ENST00000368373.8	P04062-1	deleterious(0.02)	deleterious	0.02	probably_damaging(0.989)	probably_damaging	0.989	0.132826709829818	likely_benign	0.1228	uncertain_significance	28.2	5.054043	D,D,D	D	0.65500	0.5800951,0.5800951,0.5800951	0.554	missense_variant	likely_deleterious	likely disease causing	0.999633/0.000367242
155240057	1_155240057_T/C	1	GBA1	rs142761046,CM094011	ENST00000368373.8	P04062-1	deleterious(0.01)	deleterious	0.01	benign(0.318)	benign	0.318	0.0986479457407413	likely_benign	0.1081	uncertain_significance	21.2	3.021222	D,D,D	D	0.67023	0.6085648,0.6085648,0.6085648	0.724	missense_variant	likely_deleterious	likely disease causing	0.999816/0.000183621
155240158	1_155240158_C/T	1	GBA1	rs533135258	ENST00000368373.8	P04062-1	-	-	NA	-	-	NA	-	-	-	-	0.105	-0.598132	-	-	-	-	-	intron_variant	likely_benign	NA	0.999633/0.000367242
155240171	1_155240171_C/T	1	GBA1	rs114217696	ENST00000368373.8	P04062-1	-	-	NA	-	-	NA	-	-	-	-	2.799	0.254777	-	-	-	-	-	intron_variant	likely_benign	NA	0.997246/0.00275432
155240215	1_155240215_G/A	1	GBA1	-	ENST00000368373.8	P04062-1	-	-	NA	-	-	NA	-	-	-	-	1.966	0.159370	-	-	-	-	-	intron_variant	likely_benign	NA	0.999633/0.000367242
155240239	1_155240239_G/A	1	GBA1	rs151028758	ENST00000368373.8	P04062-1	-	-	NA	-	-	NA	-	-	-	-	1.617	0.107866	-	-	-	-	-	intron_variant	likely_benign	NA	0.980536/0.0194638
155240275	1_155240275_C/A	1	GBA1	-	ENST00000368373.8	P04062-1	-	-	NA	-	-	NA	-	-	-	-	1.004	-0.016669	-	-	-	-	-	intron_variant	likely_benign	NA	0.999816/0.000183621
155240321	1_155240321_G	1	GBA1	-	ENST00000368373.8	P04062-1	-	-	NA	-	-	NA	-	-	-	-	-	-	-	-	-	-	-	intron_variant	NA	NA	0.000183621
155240325	1_155240325_G/A	1	GBA1	rs1323009886	ENST00000368373.8	P04062-1	-	-	NA	-	-	NA	-	-	-	-	2.200	0.189285	-	-	-	-	-	intron_variant	likely_benign	NA	0.999449/0.000367242
155240334	1_155240334_G/A	1	GBA1	-	ENST00000368373.8	P04062-1	-	-	NA	-	-	NA	-	-	-	-	0.730	-0.098357	-	-	-	-	-	intron_variant	likely_benign	NA	0.999816/0.000183621
155240336	1_155240336_C/T	1	GBA1	rs142348200	ENST00000368373.8	P04062-1	-	-	NA	-	-	NA	-	-	-	-	2.680	0.242701	-	-	-	-	-	intron_variant	likely_benign	NA	0.999816/0.000183621
155240355	1_155240355_C/T	1	GBA1	rs1305943514	ENST00000368373.8	P04062-1	-	-	NA	-	-	NA	-	-	-	-	0.344	-0.287474	-	-	-	-	-	intron_variant	likely_benign	NA	0.999816/0.000183621
155240400	1_155240400_G/A	1	GBA1	rs1306519855	ENST00000368373.8	P04062-1	-	-	NA	-	-	NA	-	-	-	-	2.811	0.256046	-	-	-	-	-	intron_variant	likely_benign	NA	0.999816/0.000183621
155240454	1_155240454_A	1	GBA1	-	ENST00000368373.8	P04062-1	-	-	NA	-	-	NA	-	-	-	-	-	-	-	-	-	-	-	intron_variant	NA	NA	0.000367242
155240588	1_155240588_G/T	1	GBA1	rs377526831	ENST00000368373.8	P04062-1	-	-	NA	-	-	NA	-	-	-	-	1.597	0.104513	-	-	-	-	-	intron_variant	likely_benign	NA	0.998715/0.00128535
155240687	1_155240687_T/C	1	GBA1	rs143187997,CM1612076	ENST00000368373.8	P04062-1	tolerated_low_confidence(0.08)	tolerated_low_confidence	0.08	benign(0.003)	benign	0.003	0.0202700392746112	likely_benign	0.0665	likely_benign	0.031	-0.930733	T,T,T	T	0.00113	0.0052612424,0.0052612424,0.0052612424	0.116	missense_variant	likely_benign	likely_benign	0.999449/0.000550863
155240707	1_155240707_T/C	1	GBA1	rs150466109,CM065215,COSV106098715	ENST00000368373.8	P04062-1	tolerated_low_confidence(0.19)	tolerated_low_confidence	0.19	benign(0)	benign	0	0.0030143520676407	likely_benign	0.0622	benign	4.773	0.434761	T,T,T	T	0.00025	0.0018802583,0.0018802583,0.0018802583	0.179	missense_variant	likely_benign	likely_benign	0.980536/0.0194638
155240779	1_155240779_T/C	1	GBA1	rs2361534	ENST00000368373.8	P04062-1	-	-	NA	-	-	NA	-	-	-	-	0.192	-0.437566	-	-	-	-	-	intron_variant	likely_benign	NA	0.99798/0.00201983
155240797	1_155240797_C/T	1	GBA1	rs1045935620,COSV59170622	ENST00000368373.8	P04062-1	-	-	NA	-	-	NA	-	-	-	-	7.670	0.731884	-	-	-	-	-	intron_variant	likely_benign	NA	0.999816/0.000183621
155240815	1_155240815_C/T	1	GBA1	rs2361535	ENST00000368373.8	P04062-1	-	-	NA	-	-	NA	-	-	-	-	5.006	0.456390	-	-	-	-	-	intron_variant	likely_benign	NA	0.999816/0.000183621
155240850	1_155240850_A/C	1	GBA1	rs2070679	ENST00000368373.8	P04062-1	-	-	NA	-	-	NA	-	-	-	-	10.06	0.976368	-	-	-	-	-	intron_variant	likely_benign	NA	0.980536/0.0194638
155240867	1_155240867_C/G	1	GBA1	rs571598853	ENST00000368373.8	P04062-1	-	-	NA	-	-	NA	-	-	-	-	15.52	1.744852	-	-	-	-	-	intron_variant	likely_benign	NA	0.999816/0.000183621
155240872	1_155240872_C/A	1	GBA1	rs1249125834	ENST00000368373.8	P04062-1	-	-	NA	-	-	NA	-	-	-	-	15.87	1.815515	-	-	-	-	-	intron_variant	likely_benign	NA	0.999816/0.000183621
155241127	1_155241127_T/C	1	GBA1	rs41264927	ENST00000368373.8	P04062-1	-	-	NA	-	-	NA	-	-	-	likely_benign	3.645	0.333669	-	-	-	-	-	5_prime_UTR_variant	likely_benign	NA	0.999816/0.000183621
155241223	1_155241223_C/T	1	GBA1	rs990575864	ENST00000368373.8	P04062-1	-	-	NA	-	-	NA	-	-	-	-	6.255	0.579191	-	-	-	-	-	5_prime_UTR_variant	likely_benign	NA	0.999082/0.000918105
155241257	1_155241257_C/T	1	GBA1	rs371157845	ENST00000368373.8	P04062-1	-	-	NA	-	-	NA	-	-	-	-	0.032	-0.923495	-	-	-	-	-	upstream_gene_variant	likely_benign	NA	0.999816/0.000183621
155241293	1_155241293_C	1	GBA1	-	ENST00000368373.8	P04062-1	-	-	NA	-	-	NA	-	-	-	-	-	-	-	-	-	-	-	upstream_gene_variant	NA	NA	0.000183621
155241315	1_155241315_T/C	1	GBA1	rs188978150,CR110552	ENST00000368373.8	P04062-1	-	-	NA	-	-	NA	-	-	-	benign,uncertain_significance	2.280	0.198883	-	-	-	-	-	upstream_gene_variant	likely_benign	NA	0.991737/0.00826295
155241321	1_155241321_C/T	1	GBA1	rs999328611	ENST00000368373.8	P04062-1	-	-	NA	-	-	NA	-	-	-	-	15.22	1.686847	-	-	-	-	-	upstream_gene_variant	likely_benign	NA	0.999082/0.000918105
155241372	1_155241372_C/G	1	GBA1	-	ENST00000368373.8	P04062-1	-	-	NA	-	-	NA	-	-	-	-	0.574	-0.158441	-	-	-	-	-	upstream_gene_variant	likely_benign	NA	0.999816/0.000183621
155241394	1_155241394_T/C	1	GBA1	rs1023970086	ENST00000368373.8	P04062-1	-	-	NA	-	-	NA	-	-	-	-	0.772	-0.084157	-	-	-	-	-	upstream_gene_variant	likely_benign	NA	0.999816/0.000183621
155241478	1_155241478_G	1	GBA1	-	ENST00000368373.8	P04062-1	-	-	NA	-	-	NA	-	-	-	-	-	-	-	-	-	-	-	upstream_gene_variant	NA	NA	0.999816
155241482	1_155241482_C/T	1	GBA1	rs185656146	ENST00000368373.8	P04062-1	-	-	NA	-	-	NA	-	-	-	-	1.371	0.064414	-	-	-	-	-	upstream_gene_variant	likely_benign	NA	0.99798/0.00201983
155241546	1_155241546_T/A	1	GBA1	rs528526898,COSV59170107	ENST00000368373.8	P04062-1	-	-	NA	-	-	NA	-	-	-	-	0.006	-1.445543	-	-	-	-	-	upstream_gene_variant	likely_benign	NA	0.997062/0.00293794
155241618	1_155241618_G/T	1	GBA1	rs182100951	ENST00000368373.8	P04062-1	-	-	NA	-	-	NA	-	-	-	-	1.283	0.047187	-	-	-	-	-	upstream_gene_variant	likely_benign	NA	0.998164/0.00183621
155241729	1_155241729_G/T	1	GBA1	rs972845053	ENST00000368373.8	P04062-1	-	-	NA	-	-	NA	-	-	-	-	1.780	0.133086	-	-	-	-	-	upstream_gene_variant	likely_benign	NA	0.999816/0.000183621
155241732	1_155241732_T/G	1	GBA1	rs149633773	ENST00000368373.8	P04062-1	-	-	NA	-	-	NA	-	-	-	-	3.487	0.319497	-	-	-	-	-	upstream_gene_variant	likely_benign	NA	0.999082/0.000918105
155241792	1_155241792_G/A	1	GBA1	rs1329183863	ENST00000368373.8	P04062-1	-	-	NA	-	-	NA	-	-	-	-	5.374	0.491365	-	-	-	-	-	upstream_gene_variant	likely_benign	NA	0.999266/0.000734484
155241807	1_155241807_G/A	1	GBA1	rs1275153368	ENST00000368373.8	P04062-1	-	-	NA	-	-	NA	-	-	-	-	4.662	0.424664	-	-	-	-	-	upstream_gene_variant	likely_benign	NA	0.999816/0.000183621
155241854	1_155241854_C/A	1	GBA1	rs187426589	ENST00000368373.8	P04062-1	-	-	NA	-	-	NA	-	-	-	-	0.321	-0.304407	-	-	-	-	-	upstream_gene_variant	likely_benign	NA	0.996878/0.00312156
155241864	1_155241864_G/A	1	GBA1	rs1672083187	ENST00000368373.8	P04062-1	-	-	NA	-	-	NA	-	-	-	-	1.289	0.048377	-	-	-	-	-	upstream_gene_variant	likely_benign	NA	0.999633/0.000367242
155241893	1_155241893_A/C	1	GBA1	rs2148084846	ENST00000368373.8	P04062-1	-	-	NA	-	-	NA	-	-	-	-	0.698	-0.109799	-	-	-	-	-	upstream_gene_variant	likely_benign	NA	0.999816/0.000183621
155242031	1_155242031_T/A	1	GBA1	-	ENST00000368373.8	P04062-1	-	-	NA	-	-	NA	-	-	-	-	5.280	0.482313	-	-	-	-	-	upstream_gene_variant	likely_benign	NA	0.999816/0.000183621
155242046	1_155242046_C/T	1	GBA1	rs12041778	ENST00000368373.8	P04062-1	-	-	NA	-	-	NA	-	-	-	-	0.200	-0.426270	-	-	-	-	-	upstream_gene_variant	likely_benign	NA	0.999816/0.000183621
155242071	1_155242071_C/T	1	GBA1	rs1027101631	ENST00000368373.8	P04062-1	-	-	NA	-	-	NA	-	-	-	-	6.394	0.593652	-	-	-	-	-	upstream_gene_variant	likely_benign	NA	0.999449/0.000550863
155242118	1_155242118_G/A	1	GBA1	rs985665414	ENST00000368373.8	P04062-1	-	-	NA	-	-	NA	-	-	-	-	3.158	0.289431	-	-	-	-	-	upstream_gene_variant	likely_benign	NA	0.999633/0.000367242
155242222	1_155242222_T	1	GBA1	-	ENST00000368373.8	P04062-1	-	-	NA	-	-	NA	-	-	-	-	-	-	-	-	-	-	-	upstream_gene_variant	NA	NA	0.000918105
155242225	1_155242225_G/T	1	GBA1	rs141571262	ENST00000368373.8	P04062-1	-	-	NA	-	-	NA	-	-	-	-	0.548	-0.170154	-	-	-	-	-	upstream_gene_variant	likely_benign	NA	0.997062/0.00201983
155242265	1_155242265_C/T	1	GBA1	rs2148085525	ENST00000368373.8	P04062-1	-	-	NA	-	-	NA	-	-	-	-	1.932	0.154738	-	-	-	-	-	upstream_gene_variant	likely_benign	NA	0.999816/0.000183621
155242273	1_155242273_A/G	1	GBA1	rs994195398	ENST00000368373.8	P04062-1	-	-	NA	-	-	NA	-	-	-	-	1.867	0.145657	-	-	-	-	-	upstream_gene_variant	likely_benign	NA	0.999816/0.000183621
155242289	1_155242289_C/A	1	GBA1	-	ENST00000368373.8	P04062-1	-	-	NA	-	-	NA	-	-	-	-	1.624	0.108950	-	-	-	-	-	upstream_gene_variant	likely_benign	NA	0.999816/0.000183621
155242309	1_155242309_A/G	1	GBA1	rs1800442	ENST00000368373.8	P04062-1	-	-	NA	-	-	NA	-	-	-	-	0.141	-0.518437	-	-	-	-	-	upstream_gene_variant	likely_benign	NA	0.711348/0.288652
155242386	1_155242386_C/A	1	GBA1	rs538272827	ENST00000368373.8	P04062-1	-	-	NA	-	-	NA	-	-	-	-	1.224	0.034849	-	-	-	-	-	upstream_gene_variant	likely_benign	NA	0.999082/0.000918105
155242395	1_155242395_T/G	1	GBA1	-	ENST00000368373.8	P04062-1	-	-	NA	-	-	NA	-	-	-	-	0.694	-0.111219	-	-	-	-	-	upstream_gene_variant	likely_benign	NA	0.999816/0.000183621
155242420	1_155242420_A/G	1	GBA1	rs3754485	ENST00000368373.8	P04062-1	-	-	NA	-	-	NA	-	-	-	-	0.223	-0.398707	-	-	-	-	-	upstream_gene_variant	likely_benign	NA	0.692068/0.307932
155242425	1_155242425_G/A	1	GBA1	rs534257059	ENST00000368373.8	P04062-1	-	-	NA	-	-	NA	-	-	-	-	1.082	0.002580	-	-	-	-	-	upstream_gene_variant	likely_benign	NA	0.999816/0.000183621
155242430	1_155242430_C/A	1	GBA1	rs113667429	ENST00000368373.8	P04062-1	-	-	NA	-	-	NA	-	-	-	-	0.627	-0.136506	-	-	-	-	-	upstream_gene_variant	likely_benign	NA	0.999816/0.000183621
155242497	1_155242497_C/T	1	GBA1	rs1800438	ENST00000368373.8	P04062-1	-	-	NA	-	-	NA	-	-	-	-	2.947	0.269352	-	-	-	-	-	upstream_gene_variant	likely_benign	NA	0.711348/0.288652
155242515	1_155242515_C/T	1	GBA1	rs144088954	ENST00000368373.8	P04062-1	-	-	NA	-	-	NA	-	-	-	-	2.155	0.183780	-	-	-	-	-	upstream_gene_variant	likely_benign	NA	0.994859/0.00514139
155242601	1_155242601_T/G	1	GBA1	rs768531904	ENST00000368373.8	P04062-1	-	-	NA	-	-	NA	-	-	-	-	1.305	0.051554	-	-	-	-	-	upstream_gene_variant	likely_benign	NA	0.999816/0.000183621
155242619	1_155242619_A	1	GBA1	-	ENST00000368373.8	P04062-1	-	-	NA	-	-	NA	-	-	-	-	-	-	-	-	-	-	-	upstream_gene_variant	NA	NA	0.0192802
155242627	1_155242627_T	1	GBA1	-	ENST00000368373.8	P04062-1	-	-	NA	-	-	NA	-	-	-	-	-	-	-	-	-	-	-	upstream_gene_variant	NA	NA	0.999816
155242633	1_155242633_G/T	1	GBA1	rs11430678,COSV59171249	ENST00000368373.8	P04062-1	-	-	NA	-	-	NA	-	-	-	-	1.124	0.012459	-	-	-	-	-	upstream_gene_variant	likely_benign	NA	0.999816/0.000183621
155242701	1_155242701_C/T	1	GBA1	rs1181383182	ENST00000368373.8	P04062-1	-	-	NA	-	-	NA	-	-	-	-	1.880	0.147489	-	-	-	-	-	upstream_gene_variant	likely_benign	NA	0.999816/0.000183621
155242734	1_155242734_A/G	1	GBA1	rs192028662	ENST00000368373.8	P04062-1	-	-	NA	-	-	NA	-	-	-	-	3.896	0.356016	-	-	-	-	-	upstream_gene_variant	likely_benign	NA	0.998898/0.00110173
155242746	1_155242746_C/A	1	GBA1	rs1485627987	ENST00000368373.8	P04062-1	-	-	NA	-	-	NA	-	-	-	-	0.436	-0.227375	-	-	-	-	-	upstream_gene_variant	likely_benign	NA	0.999633/0.000367242
155242750	1_155242750_G/T	1	GBA1	rs1369796845	ENST00000368373.8	P04062-1	-	-	NA	-	-	NA	-	-	-	-	0.673	-0.118748	-	-	-	-	-	upstream_gene_variant	likely_benign	NA	0.999816/0.000183621
155242792	1_155242792_C/T	1	GBA1	rs1672121220	ENST00000368373.8	P04062-1	-	-	NA	-	-	NA	-	-	-	-	5.720	0.525200	-	-	-	-	-	upstream_gene_variant	likely_benign	NA	0.999633/0.000367242
155242847	1_155242847_C/G	1	GBA1	-	ENST00000368373.8	P04062-1	-	-	NA	-	-	NA	-	-	-	-	2.082	0.174575	-	-	-	-	-	upstream_gene_variant	likely_benign	NA	0.999816/0.000183621
155243007	1_155243007_A/G	1	GBA1	rs538620763	ENST00000368373.8	P04062-1	-	-	NA	-	-	NA	-	-	-	-	3.014	0.275790	-	-	-	-	-	upstream_gene_variant	likely_benign	NA	0.999816/0.000183621
155243148	1_155243148_T/C	1	GBA1	rs1333520222	ENST00000368373.8	P04062-1	-	-	NA	-	-	NA	-	-	-	-	5.985	0.551711	-	-	-	-	-	upstream_gene_variant	likely_benign	NA	0.999266/0.000734484
155243206	1_155243206_T/C	1	GBA1	rs759001613	ENST00000368373.8	P04062-1	-	-	NA	-	-	NA	-	-	-	-	0.081	-0.666781	-	-	-	-	-	upstream_gene_variant	likely_benign	NA	0.999816/0.000183621
155243225	1_155243225_A/G	1	GBA1	rs748198714	ENST00000368373.8	P04062-1	-	-	NA	-	-	NA	-	-	-	-	0.247	-0.371867	-	-	-	-	-	upstream_gene_variant	likely_benign	NA	0.999816/0.000183621
155243307	1_155243307_C/A	1	GBA1	rs946888740	ENST00000368373.8	P04062-1	-	-	NA	-	-	NA	-	-	-	-	5.512	0.504695	-	-	-	-	-	upstream_gene_variant	likely_benign	NA	0.999816/0.000183621
155243333	1_155243333_T/A	1	GBA1	rs11264345	ENST00000368373.8	P04062-1	-	-	NA	-	-	NA	-	-	-	-	2.683	0.243047	-	-	-	-	-	upstream_gene_variant	likely_benign	NA	0.711164/0.288836
155243436	1_155243436_G/C	1	GBA1	rs1329649558	ENST00000368373.8	P04062-1	-	-	NA	-	-	NA	-	-	-	-	3.811	0.348466	-	-	-	-	-	upstream_gene_variant	likely_benign	NA	0.999816/0.000183621
155243469	1_155243469_T	1	GBA1	-	ENST00000368373.8	P04062-1	-	-	NA	-	-	NA	-	-	-	-	-	-	-	-	-	-	-	upstream_gene_variant	NA	NA	0.000367242
155243484	1_155243484_T/G	1	GBA1	-	ENST00000368373.8	P04062-1	-	-	NA	-	-	NA	-	-	-	-	0.335	-0.294196	-	-	-	-	-	upstream_gene_variant	likely_benign	NA	0.999816/0.000183621
155243508	1_155243508_C/T	1	GBA1	-	ENST00000368373.8	P04062-1	-	-	NA	-	-	NA	-	-	-	-	4.173	0.380637	-	-	-	-	-	upstream_gene_variant	likely_benign	NA	0.999816/0.000183621
155243760	1_155243760_A/G	1	GBA1	rs564962259	ENST00000368373.8	P04062-1	-	-	NA	-	-	NA	-	-	-	-	0.652	-0.126602	-	-	-	-	-	upstream_gene_variant	likely_benign	NA	0.999816/0.000183621
155243781	1_155243781_G	1	GBA1	-	ENST00000368373.8	P04062-1	-	-	NA	-	-	NA	-	-	-	-	-	-	-	-	-	-	-	upstream_gene_variant	NA	NA	0.000183621
155243782	1_155243782_T/G	1	GBA1	rs1408297407	ENST00000368373.8	P04062-1	-	-	NA	-	-	NA	-	-	-	-	5.327	0.486800	-	-	-	-	-	upstream_gene_variant	likely_benign	NA	0.999816/0
155243793	1_155243793_G/A	1	GBA1	rs184145634	ENST00000368373.8	P04062-1	-	-	NA	-	-	NA	-	-	-	-	4.161	0.379560	-	-	-	-	-	upstream_gene_variant	likely_benign	NA	0.999082/0.000918105
155243797	1_155243797_C/T	1	GBA1	rs150974694	ENST00000368373.8	P04062-1	-	-	NA	-	-	NA	-	-	-	-	0.303	-0.319611	-	-	-	-	-	upstream_gene_variant	likely_benign	NA	0.999082/0.000918105
155243834	1_155243834_A/G	1	GBA1	rs1672158555	ENST00000368373.8	P04062-1	-	-	NA	-	-	NA	-	-	-	-	4.475	0.407632	-	-	-	-	-	upstream_gene_variant	likely_benign	NA	0.999266/0.000734484
155243835	1_155243835_C/T	1	GBA1	rs1672158668	ENST00000368373.8	P04062-1	-	-	NA	-	-	NA	-	-	-	-	4.160	0.379463	-	-	-	-	-	upstream_gene_variant	likely_benign	NA	0.999266/0.000734484
155243841	1_155243841_C/T	1	GBA1	rs1672159118	ENST00000368373.8	P04062-1	-	-	NA	-	-	NA	-	-	-	-	5.321	0.486311	-	-	-	-	-	upstream_gene_variant	likely_benign	NA	0.999266/0.000734484
155243844	1_155243844_T/C	1	GBA1	-	ENST00000368373.8	P04062-1	-	-	NA	-	-	NA	-	-	-	-	2.877	0.262593	-	-	-	-	-	upstream_gene_variant	likely_benign	NA	0.999266/0.000734484
155243872	1_155243872_A/G	1	GBA1	rs1672160728	ENST00000368373.8	P04062-1	-	-	NA	-	-	NA	-	-	-	-	5.698	0.522982	-	-	-	-	-	upstream_gene_variant	likely_benign	NA	0.999633/0.000367242
155243880	1_155243880_G/A	1	GBA1	-	ENST00000368373.8	P04062-1	-	-	NA	-	-	NA	-	-	-	-	5.604	0.513761	-	-	-	-	-	upstream_gene_variant	likely_benign	NA	0.999633/0.000367242
155243920	1_155243920_G/A	1	GBA1	rs1218707434	ENST00000368373.8	P04062-1	-	-	NA	-	-	NA	-	-	-	-	4.509	0.410708	-	-	-	-	-	upstream_gene_variant	likely_benign	NA	0.999816/0.000183621
155243929	1_155243929_C/T	1	GBA1	-	ENST00000368373.8	P04062-1	-	-	NA	-	-	NA	-	-	-	-	1.542	0.095291	-	-	-	-	-	upstream_gene_variant	likely_benign	NA	0.999816/0.000183621
155243949	1_155243949_C/T	1	GBA1	-	ENST00000368373.8	P04062-1	-	-	NA	-	-	NA	-	-	-	-	1.386	0.067369	-	-	-	-	-	upstream_gene_variant	likely_benign	NA	0.999816/0.000183621
155243978	1_155243978_G	1	GBA1	-	ENST00000368373.8	P04062-1	-	-	NA	-	-	NA	-	-	-	-	-	-	-	-	-	-	-	upstream_gene_variant	NA	NA	0.999633
155244065	1_155244065_T/G	1	GBA1	rs190716448	ENST00000368373.8	P04062-1	-	-	NA	-	-	NA	-	-	-	-	9.553	0.929753	-	-	-	-	-	upstream_gene_variant	likely_benign	NA	0.997797/0.00220345
155244165	1_155244165_C/T	1	GBA1	rs193125632	ENST00000368373.8	P04062-1	-	-	NA	-	-	NA	-	-	-	-	5.313	0.485454	-	-	-	-	-	upstream_gene_variant	likely_benign	NA	0.999633/0.000367242
155244216	1_155244216_G/A	1	GBA1	rs149732676	ENST00000368373.8	P04062-1	-	-	NA	-	-	NA	-	-	-	-	6.725	0.628539	-	-	-	-	-	upstream_gene_variant	likely_benign	NA	0.992655/0.00734484
155244222	1_155244222_A/T	1	GBA1	rs971409433	ENST00000368373.8	P04062-1	-	-	NA	-	-	NA	-	-	-	-	9.067	0.880553	-	-	-	-	-	upstream_gene_variant	likely_benign	NA	0.999816/0.000183621
155244275	1_155244275_C/T	1	GBA1	rs10908459	ENST00000368373.8	P04062-1	-	-	NA	-	-	NA	-	-	-	-	6.288	0.582610	-	-	-	-	-	upstream_gene_variant	likely_benign	NA	0.713184/0.286816
155244347	1_155244347_C/G	1	GBA1	rs920446894	ENST00000368373.8	P04062-1	-	-	NA	-	-	NA	-	-	-	-	6.046	0.557859	-	-	-	-	-	upstream_gene_variant	likely_benign	NA	0.999816/0.000183621
155244355	1_155244355_G/A	1	GBA1	-	ENST00000368373.8	P04062-1	-	-	NA	-	-	NA	-	-	-	-	5.811	0.534193	-	-	-	-	-	upstream_gene_variant	likely_benign	NA	0.999633/0.000367242
155244361	1_155244361_T/C	1	GBA1	-	ENST00000368373.8	P04062-1	-	-	NA	-	-	NA	-	-	-	-	4.951	0.451241	-	-	-	-	-	upstream_gene_variant	likely_benign	NA	0.999816/0.000183621
155244379	1_155244379_G/A	1	GBA1	rs1047662171	ENST00000368373.8	P04062-1	-	-	NA	-	-	NA	-	-	-	-	3.659	0.334921	-	-	-	-	-	upstream_gene_variant	likely_benign	NA	0.999266/0.000734484
155244401	1_155244401_A	1	GBA1	-	ENST00000368373.8	P04062-1	-	-	NA	-	-	NA	-	-	-	-	-	-	-	-	-	-	-	upstream_gene_variant	NA	NA	0.999816
155244413	1_155244413_T/C/A	1	GBA1	rs774329309	ENST00000368373.8	P04062-1	-	-	NA	-	-	NA	-	-	-	-	1.302	0.050957	-	-	-	-	-	upstream_gene_variant	likely_benign	NA	0.999449/0.000367242/0.000183621
155244522	1_155244522_C	1	GBA1	-	ENST00000368373.8	P04062-1	-	-	NA	-	-	NA	-	-	-	-	-	-	-	-	-	-	-	upstream_gene_variant	NA	NA	0.000367242
155244563	1_155244563_C/A	1	GBA1	rs146422257	ENST00000368373.8	P04062-1	-	-	NA	-	-	NA	-	-	-	-	4.827	0.439762	-	-	-	-	-	upstream_gene_variant	likely_benign	NA	0.999449/0.000550863
155244607	1_155244607_G/A	1	GBA1	rs980135526	ENST00000368373.8	P04062-1	-	-	NA	-	-	NA	-	-	-	-	10.41	1.006792	-	-	-	-	-	upstream_gene_variant	likely_benign	NA	0.999816/0.000183621
155244634	1_155244634_C/A	1	GBA1	rs1672191529	ENST00000368373.8	P04062-1	-	-	NA	-	-	NA	-	-	-	-	2.579	0.232151	-	-	-	-	-	upstream_gene_variant	likely_benign	NA	0.999816/0.000183621
155244635	1_155244635_G/C	1	GBA1	rs963083703	ENST00000368373.8	P04062-1	-	-	NA	-	-	NA	-	-	-	-	4.074	0.371784	-	-	-	-	-	upstream_gene_variant	likely_benign	NA	0.999816/0.000183621
155244682	1_155244682_A/G	1	GBA1	rs12034326	ENST00000368373.8	P04062-1	-	-	NA	-	-	NA	-	-	-	-	3.326	0.304888	-	-	-	-	-	upstream_gene_variant	likely_benign	NA	0.713551/0.286449
